Shoes;187
Dresses;2271
Clothing;1604
Bags;6551
Accessories;166
Pants:204
Day Dresses;2271
Evening Dresses;2271
Jeans;204
Tops;212
Skirts;1581
Pants;204
Knitwear;203
Jackets;203
Coats;203
Swimwear;211
Clutch;6551
Totes;6551
Shoulder Bags;6551
Small leather goods;6551
Flip flops;187
Flats;187
Ballerinas;;187
Sandals;187
Wedges;187
Pumps;187
Boots;187
Platforms;187
BEACH ACCESSORIES;211
BEAUTY CASES;6551
BELTS;169
BOOKS;784
BRIDAL ACCESSORIES;5443
GLOVES;170
HAIR ACCESSORIES;171
HATS;173
HOMEWARE;536
JEWELRY CASES;6551
KEYCHAINS;175
OPTICALS;524
POUCHES;5650
SCARVES;177
STATIONERY;956
SUNGLASSES;178
TECHNOLOGY;264
TRAVEL;5650
UMBRELLAS;173
WALLETS;6551
Earrings;194
Hoops;194
Necklaces;196
Pendants;192
Bracelets;191
Rings;200
Bodysuits;1772
Bras;214
Bridal Lingerie;1772
Briefs;1772
Camisoles and Chemises;1772
Hosiery;215
Loungewear;5713
Robes;2302
Shapewear;1578
Sleepwear;208
Bath and Body;473
Beauty Sets;473
Candles;500121
Cosmetic Cases;473
Fragrance;479
Haircare;486
Makeup;473
Nails;478
Skincare;473
Sun;2844
Tools and Devices;2958
Wellness;491
ACTIVEWEAR;5322
BEACHWEAR;211
BRIDAL;5441
COATS;5598
DENIM;1604
DRESSES;2271
EVENING;2271
JEANS;204
JUMPSUITS;204
PANTS;204
SHORTS;207
SUITS;1594
MODEST;2271
WORKWEAR;1594